{"fileName":"1670076336138_NormalizeDATA700.csv","xTest":[[9.5,81,29],[7.5,73,19],[12,85,57],[12,85,57],[6.2,60.4,12],[10,79,26],[10.6,73.6,26],[12.9,80.5,30],[11,74,26],[7.8,71.5,15],[8.8,70.6,14],[7.8,67,7],[11.2,93,55],[12.5,86,39],[10.2,80,27],[11,75,27],[8,72,17],[7.6,73.1,21],[10,83,34],[11,75,28],[6.5,60.5,7],[11.5,81,31],[10.4,75,29],[10,75,29],[8,65.5,9],[9.6,70,13],[10,75,29],[8,76,28],[8.3,68,8],[12.5,94,56],[10.5,90.1,48],[2.3,43,0]],"yTest":[1,1,1,1,1,1,1,1,1,1,1,1,1,1,1,1,1,1,1,1,1,1,1,1,1,1,1,1,1,1,1,1],"modelTrain":{"modelName":"NaiveBayes","means":[[10.540000000000001,81.96410256410256,24.871794871794872],[9.05606796116505,75.18470873786404,23.50485436893204]],"calculateProbabilities":[[-1.1355292324957516,[0.12347051152036986,-20.8796701030928],[0.02878671681714208,-384.11905894792505],[0.024406910392948077,-534.3484007401535]],[-0.3875054417099718,[0.1621062602700345,-12.112967543051537],[0.03635899399031389,-240.78332683721916],[0.027084093947985364,-433.93182623485274]]]},"akurasi":93.75}